{"cameraMode":{"drawMode":0,"name":"Shaded","section":"Shading Mode"},"sceneLighting":false,"audioPlay":false,"sceneViewState":{"m_AlwaysRefresh":false,"showFog":true,"showSkybox":false,"showFlares":true,"showImageEffects":true,"showParticleSystems":true,"showVisualEffectGraphs":true,"m_FxEnabled":true},"in2DMode":false,"pivot":{"x":-2.2000038623809816,"y":1.0677313804626465,"z":-8.940696716308594e-8},"rotation":{"x":-0.06203209236264229,"y":0.9197495579719544,"z":-0.16195909678936006,"w":-0.35216832160949709},"size":0.6122089624404907,"orthographic":false}